<?xml version="1.0" encoding="UTF-8" standalone="yes"?>
<manifest>
  <control namespace="sbid" constructor="CanvasJsonDragDropFileUploader" version="1.0.0" display-name-key="CanvasJsonDragDropFileUploader" description-key="CanvasJsonDragDropFileUploader" control-type="standard" api-version="1.3.18">
    <property name="dropText" display-name-key="DropText" description-key="DropText_Description" of-type="SingleLine.Text" usage="bound" required="false"/>
    <property name="maxFiles" display-name-key="MaxFiles" description-key="MaxFiles_Description" of-type="Whole.None" usage="bound" required="false"/>
    <property name="allowedFormats" display-name-key="AllowedFormats" description-key="AllowedFormats_Description" of-type="SingleLine.Text" usage="bound" required="false"/>
    <property name="reset" display-name-key="Reset" description-key="Reset_Description" of-type="Whole.None" usage="bound" required="false"/>
    <property name="saveButtonColor" display-name-key="SaveButtonColor_DisplayName" description-key="SaveButtonColor_Description" of-type="SingleLine.Text" usage="bound" required="false"/>
    <property name="filesJson" display-name-key="FilesJson" description-key="FilesJson_Description" of-type="SingleLine.Text" usage="bound" required="false"/>
    <resources>
      <code path="bundle.js" order="1"/>
      <resx path="strings/CanvasJsonDragDropFileUploader.1033.resx" version="1.0.0"/>
    </resources>
    <feature-usage/>
    <built-by name="pac" version="1.51.1"/>
  </control>
</manifest>